sale,タイトル,フォーマット,"[CT1] 名前,部数",
sale,Very Gois,Box,"[CT1] VG CTLG,7箱",
sale,that_be_in_fr,Box,"[CT1] VGCTLG,3箱",
sale,010001111000,Box,"[CT1] VGCTLG,1箱",
sale,#01,CD,"[CT1] very gois,4枚",
sale,#02,CD,"[CT1] very gois,5枚",
sale,#03,Booklet/CD,"[CT1] very gois,5枚",
sale,#01,CDx2/DVD,"[CT1] very gois,5枚",
sale,ASS AS SIN,Booklet/Poster/L-sizePhoto,"[CT1] 皆藤齋,5冊",
sale,Finger Band,Aparel,"[CT1] NANOOK,15個",
sale,cho rina,Booklet/Stecker,"[CT1] 趙里奈,4冊",
sale,VG CTLG 03,DVD,"[CT1] by Takamitsu Ohta, Muku Kobayashi, Shoji Funakawa, Soshi Matsunobe, Video/Edit by Reiji Saito , 5枚",
sale,VG CTLG 04,DVD,"[CT1] by Emeraldclitoris, 5枚",
sale,VG CTLG 05,CD,"[CT1] by Woopheadclrms, 5枚",
sale,elemental studies,CD,"[CT1] by takamitsu ohta, 1枚,1500yen",
sale,Face Time:Intimacy After the Fact,CD/Booklet,"[CT1] Sandra Moyano Ariza, 2枚,1500yen",
sale,ガルフィー ルイバーサス,Box,"[CT2] VG CTLG, 5箱",
sale,Lynn,Box,"[CT2] VG CTLG, 3箱",
sale,Stanley & Tatol Publishers Ltg,Box,"[CT2] VG CTLG, 4箱",
sale,looking at your mint,Box,"[CT2] VG CTLG, 1箱",
