made,english,Energetic,for chotto crazy,
made,english,Emotionally,for プレイタイムズ,
collaborations,english,Exercise,from Laurel Schwulst,
gift,english,Everything,from Anna,
gift,english,Elementary,from someone in instagram,
collaborations,español,Elástica,from Ana Martínez Fernández,
collaborations,español,Elusivo,from Ana Martínez Fernández,
gift,english,Earth,from  Jerónimo Jiménez,
gift,englishe,Ease,inspirated by CSS transition,
collaborations,dansk,Elskede,from Chris Shields,
gift,english,Egg,from Angelina Nonaj,
gift,english,Emergent,from Angelina Nonaj,
