made,english,Powerful,for chotto crazy,
made,english,Peacefully,for プレイタイムズ,
collaborations,english,People,from Laurel Schwulst,
gift,english,Possible,from Anna,
gift,english,Pensive,from Jerónimo Jiménez,
collaborations,español,Pasible,from Ana Martínez Fernández,
collaborations,español,Prender,from Ana Martínez Fernández,
gift,english,Poetic,from Jean-Philippe Bretin,
gift,english,Practical,inspirated by Practical Records,
collaborations,dansk,Porre,from Chris Shields,
gift,french,Petit,from Angelina Nonaj,
gift,english,Possibly,from Angelina Nonaj,
