collaborations,Members Only,a daily basis (DIARY),/pehu/org/diary/image.jpg,none,link
other,made-to-order for,Angelina Nonaj,https://64.media.tumblr.com/c81cd716fac612dfe5a82ec7a3f5ad99/cfd8a339484f562b-aa/s1280x1920/3e22fed4fd61e91e7c7292942e4d7a6ebea914a7.jpg,none
made,P E H U is,Daily Wardrobe,https://64.media.tumblr.com/d59e440a9c8d1c30b681b3a24b058e44/3188d47038292bfa-e4/s2048x3072/173affdd464a48ab8250c5a0e0f1e19bfc0201fd.jpg,none
collaborations,Collaboration with, abi,https://64.media.tumblr.com/6f203cd43db883f658e315ee6023d250/3188d47038292bfa-d0/s2048x3072/c8afc155e11436317bf84aa64b3761ae86049b3a.jpg,none
made,P E H U is,Daily Wardrobe,https://64.media.tumblr.com/4e6732d2d16e73dec62af9c50f88adb7/94d44480072990f2-88/s1280x1920/8df18cd869ad760f2f586822bdf068b9640c4eee.jpg,none
made,P E H U is,Daily Wardrobe,https://64.media.tumblr.com/9eca0a1e97450f3ab8b17d57c1f84633/5a509c233c2f2bc1-f0/s1280x1920/957d14396e9addbe9aebee36d97a1055e9325fe3.jpg,none
other,made-to-order for,Hamaji (KK manga),https://64.media.tumblr.com/c2146fd4ad0fec1416532752278c7b16/104f3ff28cf8d574-78/s1280x1920/2e76ed02601b7c2e12f31aa2bbd75f33ec90f3e1.jpg,none
gift,Gift for,Jean-Philippe Bretin,https://64.media.tumblr.com/c6d8a879199c55b86daba9329a6e374f/a053d6f9ee7b14e6-94/s540x810/dbf5223ee377130a3533ccd23555645433f4970b.jpg,none
other,made-to-order for,Natalia Panzer,https://64.media.tumblr.com/5b5ddd0c4c09d60afb93c2eedc7b3efa/3c4c622bb4cdbf9a-90/s1280x1920/27a115c30bbd999b9c7ee049f8b42e0a01d6aebf.jpg,none
other,made-to-order for,Anna,https://64.media.tumblr.com/f3567117390b5a706a1d24d8b40ff825/4e9af6abf3432ac1-e5/s1280x1920/009f2f0cd257c6d6950ae80c0107b4cf3844c724.jpg,none
gift,Gift for,Laurel Schwulst,https://64.media.tumblr.com/7efda6ca6d92e711bdb1dc02727facb7/5ae20060241d4299-cd/s1280x1920/c752e4f3b3809c9860dea987a6b7fa3ea52e523e.jpg,none
made,P E H U is,Daily Wardrobe,/pehu/org/img/PEHU01.png,none
made,P E H U is,Face Towei,/pehu/org/img/PEHU02.png,none
made,P E H U is,Pillows for Us,https://64.media.tumblr.com/4407e51fbf07644d1bcdc4133881a15c/0bdfd40143d8f995-34/s540x810/02cceb7b9def697ea9bffb0462562213a0853810.jpg,none
