sale,Very Gois,Box,"[CT1] VG CTLG,7箱",
sale,that_be_in_fr,Box,"[CT1] VGCTLG,3箱",
sale,010001111000,Box,"[CT1] VGCTLG,1箱",
sale,#01,CD,"[CT1] very gois,4枚",
sale,#02,CD,"[CT1] very gois,5枚",
sale,#03,Booklet/CD,"[CT1] very gois,5枚",
sale,#04,CDx2/DVD,"[CT1] very gois,5枚",
sale,ASS AS SIN,Booklet/Poster/L-sizePhoto,"[CT1] 皆藤齋,5冊",
sale,ルイバーサス Finger Band,Aparel,"[CT1] NANOOK,15個",
sale,cho rina,Booklet/Stecker,"[CT1] 趙里奈,4冊",
sale,VG CTLG 03,DVD,"[CT1] by Takamitsu Ohta, Muku Kobayashi, Shoji Funakawa, Soshi Matsunobe, Video/Edit by Reiji Saito , 5枚",
sale,VG CTLG 04,DVD,"[CT1] by Emeraldclitoris, 5枚",
sale,VG CTLG 05,CD,"[CT1] by Woopheadclrms, 5枚",
sale,elemental studies,BOOK,"[CT1] by takamitsu ohta, 1枚,1500yen",
sale,Face Time:Intimacy After the Fact,CD/Booklet,"[CT1] Sandra Moyano Ariza, 2枚,1500yen",
sale,ガルフィー ルイバーサス,Box,"[CT2] VG CTLG, 6箱",
sale,Lynn,Box,"[CT2] VG CTLG, 3箱",
sale,Stanley & Tatol Publishers Ltg,Box,"[CT2] VG CTLG, 4箱",
sale,looking at your mint,Box,"[CT2] VG CTLG, 1箱",
sale,サコッシュ,Aparel,"[CT2] NANOOK, 1つ",
sale,am i,Book,"[CT2] Sarah Marshall, 1冊",
sale,Perfume Area,Book,"[CT2] Shen & Schwulst, 3冊",
sale,Modern Life Space,Book,"[CT2] Laurel Schwulst, 1冊",
sale,#04 最高&Co.,Booklet,"[CT2] 丸目龍介, 2冊, 2000yen",
sale,#05 mold boy,Booklet,"[CT2] Yuu Takamizawa, 1冊",
sale,#06 Workstation, Group Show,Box,"[CT2] YusukeAbe,ShogoShimizu,NatsumiSuzuki,YuuTakamizawa,RikiHidaka,RyusukeMarume,KazukiYamanta, 2箱",
sale,#07 愛に正直なメロン,Booklet,"[CT2] 鈴木夏海, 1冊",
sale,#08 FAKEBOOK,Poster,"[CT2] Kazumichi Komatsu, 1冊",
sale,#09 WS.Group Show : Summer Dream,"[CT2] YusukeAbe,YuuTakamizawa,FumiakiNagao,NatsumiSuzuki,ShogoShimizu,PUGMENT,RyusukeMarume, 4冊, 2000yen",
sale,Playful Avyss,Booklet,"[CT2] Yusuke Abe, 4冊, 1000yen, 2017",
sale,Purple Playmate,Booklet,"[CT2] 丸目龍介, 3冊, 2000yen",
sale,RENDEZVOUS,Mini Booklet,"[CT2] 丸目龍介, 3冊, 1000yen",
sale,GLASS PRESS OF THE FUTURE,USB,"[CT2]　LA Warman and Natalia Panzer, 2個, 3000yen",
sale,Pattern of Dark #20,Textile,"[CT2] 松延総司 ,5枚, 3240yen",
sale,Minami Shogo Kazuki,Box,"[CT3] VG CTLG,1箱",
sale,1F Box,Box,"[CT3] VG CTLG,4箱",
