sale,Very Gois #01,CD,"[R-a] very gois, 1200yen, 5枚+S",popup,
sale,Very Gois #02,CD,"[R-b] very gois, 1500yen, 5枚+S",popup,
sale,Very Gois #03,Booklet/CD,"[Storage] very gois, 2000yen, 5枚",,
sale,Very Gois #04,CDx2/DVD,"[Storage] very gois, 2500yen, 5枚",,
sale,Schwarz 69,[R-1] Cassete,"1000yen, 2個+S",popup,
sale,David Grubba,Cassete,"[R-2] 1000yen, 1個+S",popup,
sale,Max Eilbacher,Cassete,"[R-3] 1000yen, 4個+S",popup,
sale,Jero Route 66,Cassete,"[R-4] 1000yen, 1個+S",popup,
sale,Eric Schmid,Cassete,"[R-5] 1000yen, 5個+S",popup,
sale,Michael Winter,Cassete/Booklet,"[R-6] 1000yen, 4個+S",popup,
sale,Cont/Ext,Cassete,"[R-7] 1000yen, 2個+S",popup,
sale,Smash Mouth,Cassete,"[R-8] 1000yen, 2個+S",popup,
sale,die Reihe,Cassete,"[R-9] 1000yen, 5個+S",popup,
sale,Voice Traning,Cassete,"[R-10] 1000yen,2個+S",popup,
sale,Nick James Scavo,Cassete,"[R-11] 1000yen, 2個+S",popup,
sale,Jeff Witscher,Cassete,"[R-12] 1000yen, 3個+S",popup,
sale,LANDFORMS,Cassete,"[R-13] 1000yen, 1個+S",popup,
sale,shots - can we win,Cassete,"[R-14] 1000yen, 2個+S",popup,
sale,Network Glass & Christian Mirande,Cassete,"[R-15] 1000yen, 2個+S",popup,
sale,Derek Baron / Alex Livaditis,Cassete,"[R-16] 1000yen, 3個+S",popup,
sale,Luke Martin - Transcription Poems,Cassete x 2,"[R-17] 1500yen, 3個+3",popup,
sale,"Sean McCann, Matthew Sullivan & Alex Twomey - The Bird",Cassete","[R-18] 1000yen, 5個+S",popup,
sale,"M.O - Matthew Sullivan",Cassete,"[R-19] 1000yen, 5個+S",popup,
sale,"SPILIT, BUT NOT APART",Cassete,"[R-20] 1000yen, 2個+S"popup,
sale,SACK und SHEFFIELD,Cassete,"[R-21] 1000yen, 1個+S,"popup,
sale,HELICOPTERE SANGLANTE POPOL GLUANT,Cassete,"[R-22] 1000yen, 1個+S,"popup,
sale,HOMY WORLD 04,Cassete,"[R-23] 1000yen, 5個+3 (紙が挟んでいるもの)",popup,
sale,UNFINISHED ANIMAL,Cassete,"[R-24] 1000yen, 1個+S,"popup,
sale,Theodore Cale Schafer - Face Time,CD/Booklet,"[R-25] 1500yen, 2部+S",popup,
sale,looking at your mint,Box,"[R-26] VG CTLG, 2000yen, 1箱+S",popup,
sale,Lynn,Box,"[Storage] VG CTLG, 3箱+S",,
sale,010001111000 - qidcgu,CD,"[Storage] with artwork, 1",,
sale,Very Gois,Box,"[Storage] VG CTLG,7箱",,
