gift,Untitled,Drawing,"[UR-NTbx] メモ用紙に蛍光ペン/鉛筆x2 by 010001111000, 2016",
bought,ass as sin,Drawing,"[UR-NTbx] by 皆藤齋　グレー厚紙に鉛筆,白上質紙にペン, 2016",
bought,Kazuki & Rat,Papercraft,"[UR-NTbx] by Kazquiz, 2016 (https://www.kazquiz.com/kazuki-rat)",
gift,Untitled,Painting,"[UR-NTbx] 小作品×8 by 松尾信太郎 , 2017",
gift,∧°┐ Cap,Papercraft,"[UR-NTbx] 紙製帽子 by 丸目龍介, 2018",
collaborations,things that i heard in New York,Cards,"[UR-NTbx] 02 by Sarah Marshall, 2018",
collaborations,Nissed,Artworks,"[UR-NTbx] 03 (CDケース,メモ用紙) by 松延総司, 2018 ",
free,私の石,Cement Stones,"[UR-NTbx]by 松延総司, 2011 (https://matsunobe.net/works/mystones/index.html)　2019,2020年に北加賀屋で拾得",
bought,ブンブン,Hobby,"[UR-NTbx] 白色　電池式(単3電池3個) 光る回る音が出る ",
bought,ブンブン2,Hobby,"[UR-NTbx] 黒色　電池式(単3電池3個) 光る回る音が出る　",
bought,ピストル NO:838,Hobby,"[UR-NTbx] 電池式 光る音が出る　黒色",
collaborations,"[UR] K PARTY","Flyer/Sticker/Material","[UR-NTbx] チラシ1種, ステッカー5種,製造物",
collaborations,靴下端切れ草履x3,RoomShoes,"[UR-NTbx] by あくちゃん,pal,かおちょ ,2019",
free,工事ライト,ライト,"[UR-NTbx] ソーラー付き",
gift,Coins,Coins,"[UR-NTbx] by Nicholas Strobelt, 2019"
sale,NS1,Ceramic,"[UR-NTbx] by Joseph Torres, 2019"
bought,MS1,Painting,"[UR-NTbx] by 趙里奈　キャンバスに絵の具, 2019",
collaborations,Green People,Artworks,"[UR-NTbx] A4プリント,額装プリント,名札,L版,Green夏越し人形,アルミホイル人形,フェルト, 2019"
gift,ノートブック,Note Book,"[UR-NTbx] by Laurel schwulst, 2019",
gift,部屋のための指示,Booklet,"[UR-NTbx] by Laurel schwulst,試作品, 2019",
collaborations,この部屋での時間のつぶし方,Booklet,"[UR-NTbx] For FrightSimiratorRoom by GreenPeople,ペフ,SoftApplications, 2019",
gift,pomera,Artwork,"[UR-NTbx] by Laurel Schwulst, 2019",
gift,TNR Writer,Photo Card,"[UR-NTbx] by Elliot Cost, 2019",
gift,Bell Kiosk,"Stecker,Bells","[UR-NTbx] by Elliot Cost, 2019",
gift,the whole city is full of wishes,Booklet,"[UR-NTbx] by wish books, nyc, Elliot Cost | october, 2019",
gift,Tongue finishes back at the root of itself,Artwork,"[UR-NTbx] by Ferran Pla | Ana Martinez Fernandez, 2019"
