made,a1,img/PEHU01.png
made,a4,img/PEHU02.png
bought,b4,img/tojitakun.png
collaborations,note,https://creative-community.space/value/gallery/000.png
made,a4,https://creative-community.space/pehu/weare/bookcover.png
sale,a4,img/1F05.png
bought,a6,img/selpic.png
collaborations,b4,https://creative-community.space/pehu/diary/image.jpg
bought,b4,img/VGCTLG.png
sale,b5,img/1F04.png
sale,a6,img/1F03.png
other,a3,https://creative-community.space/pehu/publication/5dition/5dition.png
sale,min,https://creative-community.space/pehu/dm/this.png
bought,a5,img/ql800.png
sale,min,https://creative-community.space/value/still/000.png
gift,a5,img/kalanchoe_beauverdii.png
sale,b5,https://creative-community.space/essay/book/004.png
collaborations,a6,img/ezco.png
gift,note,https://creative-community.space/essay/thinknote/pr/cover.png
other,a6,https://creative-community.space/pehu/31q/a.png
sale,a5,https://creative-community.space/value/book/book.png
free,min,img/KN01.png
free,min,img/KN00.png
